"long","lat","id","densityThreshold","avgScore","numTweets","stdDev","batchNum","geoData"
-76.34035794,42.98055003,1,3e-04,0.0368589285714286,56,0.0512348071772369,7,"WGS84"
-76.34036873,42.98072425,1,3e-04,0.0368589285714286,56,0.0512348071772369,7,"WGS84"
-77.71324902,42.75270904,1,3e-04,0.0368589285714286,56,0.0512348071772369,7,"WGS84"
-76.34041709,42.98080483,1,3e-04,0.0368589285714286,56,0.0512348071772369,7,"WGS84"
-76.34032089,42.98053595,1,3e-04,0.0368589285714286,56,0.0512348071772369,7,"WGS84"
-76.34032316,42.98053362,1,3e-04,0.0368589285714286,56,0.0512348071772369,7,"WGS84"
-76.34039331,42.98077863,1,3e-04,0.0368589285714286,56,0.0512348071772369,7,"WGS84"
-76.34039331,42.98077863,1,3e-04,0.0368589285714286,56,0.0512348071772369,7,"WGS84"
-76.34058112,42.98072828,1,3e-04,0.0368589285714286,56,0.0512348071772369,7,"WGS84"
-76.34044269,42.98104615,1,3e-04,0.0368589285714286,56,0.0512348071772369,7,"WGS84"
-76.34051137,42.9807757,1,3e-04,0.0368589285714286,56,0.0512348071772369,7,"WGS84"
-76.50385799,42.85165745,1,3e-04,0.0368589285714286,56,0.0512348071772369,7,"WGS84"
-76.13858305,42.97576528,1,3e-04,0.0368589285714286,56,0.0512348071772369,7,"WGS84"
-77.29148196,42.8752393,1,3e-04,0.0368589285714286,56,0.0512348071772369,7,"WGS84"
-76.15579393,42.95240151,1,3e-04,0.0368589285714286,56,0.0512348071772369,7,"WGS84"
-76.68971286,42.84084148,1,3e-04,0.0368589285714286,56,0.0512348071772369,7,"WGS84"
-77.7437775,42.91414598,1,3e-04,0.0368589285714286,56,0.0512348071772369,7,"WGS84"
-77.75786783,42.90947039,1,3e-04,0.0368589285714286,56,0.0512348071772369,7,"WGS84"
-76.4292307,42.94631292,1,3e-04,0.0368589285714286,56,0.0512348071772369,7,"WGS84"
-77.28373411,42.88995056,1,3e-04,0.0368589285714286,56,0.0512348071772369,7,"WGS84"
-77.3052591,42.89621697,1,3e-04,0.0368589285714286,56,0.0512348071772369,7,"WGS84"
-76.97976593,42.82891152,1,3e-04,0.0368589285714286,56,0.0512348071772369,7,"WGS84"
-78.63949331,42.51733513,1,3e-04,0.0368589285714286,56,0.0512348071772369,7,"WGS84"
-76.13846868,42.97703154,1,3e-04,0.0368589285714286,56,0.0512348071772369,7,"WGS84"
-76.6195125,42.880798,1,3e-04,0.0368589285714286,56,0.0512348071772369,7,"WGS84"
-77.70013838,42.9414423,1,3e-04,0.0368589285714286,56,0.0512348071772369,7,"WGS84"
-77.5191538,42.7903773,1,3e-04,0.0368589285714286,56,0.0512348071772369,7,"WGS84"
-77.70779328,42.90938589,1,3e-04,0.0368589285714286,56,0.0512348071772369,7,"WGS84"
-78.69220932,42.5009347,1,3e-04,0.0368589285714286,56,0.0512348071772369,7,"WGS84"
-76.97970341,42.8288783,1,3e-04,0.0368589285714286,56,0.0512348071772369,7,"WGS84"
-77.61127872,42.91631231,1,3e-04,0.0368589285714286,56,0.0512348071772369,7,"WGS84"
-76.36775754,42.97316142,1,3e-04,0.0368589285714286,56,0.0512348071772369,7,"WGS84"
-76.42988159,42.95153396,1,3e-04,0.0368589285714286,56,0.0512348071772369,7,"WGS84"
-77.61134486,42.91637324,1,3e-04,0.0368589285714286,56,0.0512348071772369,7,"WGS84"
-77.27529751,42.87921669,1,3e-04,0.0368589285714286,56,0.0512348071772369,7,"WGS84"
-77.30567112,42.89611162,1,3e-04,0.0368589285714286,56,0.0512348071772369,7,"WGS84"
-76.43018851,42.95190431,1,3e-04,0.0368589285714286,56,0.0512348071772369,7,"WGS84"
-77.2462016,42.87514017,1,3e-04,0.0368589285714286,56,0.0512348071772369,7,"WGS84"
-78.66576162,42.50927297,1,3e-04,0.0368589285714286,56,0.0512348071772369,7,"WGS84"
-78.204808,42.5779515,1,3e-04,0.0368589285714286,56,0.0512348071772369,7,"WGS84"
-77.26226284,42.87482614,1,3e-04,0.0368589285714286,56,0.0512348071772369,7,"WGS84"
-77.69066164,42.83860965,1,3e-04,0.0368589285714286,56,0.0512348071772369,7,"WGS84"
-77.25583603,42.87589659,1,3e-04,0.0368589285714286,56,0.0512348071772369,7,"WGS84"
-77.280218,42.8863,1,3e-04,0.0368589285714286,56,0.0512348071772369,7,"WGS84"
-76.42995915,42.95176944,1,3e-04,0.0368589285714286,56,0.0512348071772369,7,"WGS84"
-78.66697842,42.51004192,1,3e-04,0.0368589285714286,56,0.0512348071772369,7,"WGS84"
-77.71070402,42.77252097,1,3e-04,0.0368589285714286,56,0.0512348071772369,7,"WGS84"
-78.67498108,42.50178842,1,3e-04,0.0368589285714286,56,0.0512348071772369,7,"WGS84"
-77.28065736,42.88736572,1,3e-04,0.0368589285714286,56,0.0512348071772369,7,"WGS84"
-77.74414856,42.9100598,1,3e-04,0.0368589285714286,56,0.0512348071772369,7,"WGS84"
-77.2823083,42.90074233,1,3e-04,0.0368589285714286,56,0.0512348071772369,7,"WGS84"
-76.50825126,42.97133159,1,3e-04,0.0368589285714286,56,0.0512348071772369,7,"WGS84"
-76.54587337,42.95488868,1,3e-04,0.0368589285714286,56,0.0512348071772369,7,"WGS84"
-76.1426794,42.9763003,1,3e-04,0.0368589285714286,56,0.0512348071772369,7,"WGS84"
-77.86656001,42.71215781,1,3e-04,0.0368589285714286,56,0.0512348071772369,7,"WGS84"
-76.923415,42.82327149,1,3e-04,0.0368589285714286,56,0.0512348071772369,7,"WGS84"
-77.61276362,43.19642596,3,3e-04,0.0563772959183673,392,0.0512348071772369,7,"WGS84"
-77.61287606,43.1965534,3,3e-04,0.0563772959183673,392,0.0512348071772369,7,"WGS84"
-77.50152983,43.22941477,3,3e-04,0.0563772959183673,392,0.0512348071772369,7,"WGS84"
-76.98705638,43.16531277,3,3e-04,0.0563772959183673,392,0.0512348071772369,7,"WGS84"
-77.50154727,43.22943718,3,3e-04,0.0563772959183673,392,0.0512348071772369,7,"WGS84"
-77.61472015,43.2025758,3,3e-04,0.0563772959183673,392,0.0512348071772369,7,"WGS84"
-77.61276542,43.19643777,3,3e-04,0.0563772959183673,392,0.0512348071772369,7,"WGS84"
-77.93761247,43.21605347,3,3e-04,0.0563772959183673,392,0.0512348071772369,7,"WGS84"
-77.56437259,43.19077722,3,3e-04,0.0563772959183673,392,0.0512348071772369,7,"WGS84"
-77.61278043,43.19642495,3,3e-04,0.0563772959183673,392,0.0512348071772369,7,"WGS84"
-77.50163111,43.22955417,3,3e-04,0.0563772959183673,392,0.0512348071772369,7,"WGS84"
-76.98704715,43.16531992,3,3e-04,0.0563772959183673,392,0.0512348071772369,7,"WGS84"
-76.98693414,43.16540185,3,3e-04,0.0563772959183673,392,0.0512348071772369,7,"WGS84"
-77.61268744,43.19639637,3,3e-04,0.0563772959183673,392,0.0512348071772369,7,"WGS84"
-77.595657,43.1980578,3,3e-04,0.0563772959183673,392,0.0512348071772369,7,"WGS84"
-77.61285818,43.19629005,3,3e-04,0.0563772959183673,392,0.0512348071772369,7,"WGS84"
-77.93375237,43.2191419,3,3e-04,0.0563772959183673,392,0.0512348071772369,7,"WGS84"
-77.93636286,43.22106707,3,3e-04,0.0563772959183673,392,0.0512348071772369,7,"WGS84"
-77.92115343,43.23120344,3,3e-04,0.0563772959183673,392,0.0512348071772369,7,"WGS84"
-77.91191545,43.22883509,3,3e-04,0.0563772959183673,392,0.0512348071772369,7,"WGS84"
-78.48101441,43.01118521,3,3e-04,0.0563772959183673,392,0.0512348071772369,7,"WGS84"
-78.48119413,43.01130069,3,3e-04,0.0563772959183673,392,0.0512348071772369,7,"WGS84"
-77.595657,43.1980578,3,3e-04,0.0563772959183673,392,0.0512348071772369,7,"WGS84"
-77.5732036,43.2104336,3,3e-04,0.0563772959183673,392,0.0512348071772369,7,"WGS84"
-77.595657,43.1980578,3,3e-04,0.0563772959183673,392,0.0512348071772369,7,"WGS84"
-77.595657,43.1980578,3,3e-04,0.0563772959183673,392,0.0512348071772369,7,"WGS84"
-77.59137818,43.181647,3,3e-04,0.0563772959183673,392,0.0512348071772369,7,"WGS84"
-77.94364013,43.21817205,3,3e-04,0.0563772959183673,392,0.0512348071772369,7,"WGS84"
-78.68640502,43.14724882,3,3e-04,0.0563772959183673,392,0.0512348071772369,7,"WGS84"
-78.68673457,43.14737799,3,3e-04,0.0563772959183673,392,0.0512348071772369,7,"WGS84"
-77.59530249,43.17652748,3,3e-04,0.0563772959183673,392,0.0512348071772369,7,"WGS84"
-77.6901029,43.2138009,3,3e-04,0.0563772959183673,392,0.0512348071772369,7,"WGS84"
-77.6901015,43.213802,3,3e-04,0.0563772959183673,392,0.0512348071772369,7,"WGS84"
-77.94349738,43.2143867,3,3e-04,0.0563772959183673,392,0.0512348071772369,7,"WGS84"
-77.47989172,43.208943,3,3e-04,0.0563772959183673,392,0.0512348071772369,7,"WGS84"
-77.64644888,43.24888671,3,3e-04,0.0563772959183673,392,0.0512348071772369,7,"WGS84"
-77.6899511,43.2138466,3,3e-04,0.0563772959183673,392,0.0512348071772369,7,"WGS84"
-77.64649668,43.24886993,3,3e-04,0.0563772959183673,392,0.0512348071772369,7,"WGS84"
-77.50803304,43.21398759,3,3e-04,0.0563772959183673,392,0.0512348071772369,7,"WGS84"
-77.44611664,43.20841042,3,3e-04,0.0563772959183673,392,0.0512348071772369,7,"WGS84"
-77.9549837,43.21515418,3,3e-04,0.0563772959183673,392,0.0512348071772369,7,"WGS84"
-77.5968432,43.1909191,3,3e-04,0.0563772959183673,392,0.0512348071772369,7,"WGS84"
-77.4087761,43.22201266,3,3e-04,0.0563772959183673,392,0.0512348071772369,7,"WGS84"
-76.11438397,43.22945551,3,3e-04,0.0563772959183673,392,0.0512348071772369,7,"WGS84"
-77.64274356,43.21786479,3,3e-04,0.0563772959183673,392,0.0512348071772369,7,"WGS84"
-77.71418603,43.21927519,3,3e-04,0.0563772959183673,392,0.0512348071772369,7,"WGS84"
-77.54745057,43.18953635,3,3e-04,0.0563772959183673,392,0.0512348071772369,7,"WGS84"
-77.64291597,43.21793547,3,3e-04,0.0563772959183673,392,0.0512348071772369,7,"WGS84"
-76.11440786,43.22945166,3,3e-04,0.0563772959183673,392,0.0512348071772369,7,"WGS84"
-76.11440786,43.22945166,3,3e-04,0.0563772959183673,392,0.0512348071772369,7,"WGS84"
-77.56733098,43.18320034,3,3e-04,0.0563772959183673,392,0.0512348071772369,7,"WGS84"
-77.64275981,43.21799841,3,3e-04,0.0563772959183673,392,0.0512348071772369,7,"WGS84"
-76.11452375,43.22940247,3,3e-04,0.0563772959183673,392,0.0512348071772369,7,"WGS84"
-76.11465454,43.22936392,3,3e-04,0.0563772959183673,392,0.0512348071772369,7,"WGS84"
-77.6427658,43.21799714,3,3e-04,0.0563772959183673,392,0.0512348071772369,7,"WGS84"
-77.64279514,43.21802902,3,3e-04,0.0563772959183673,392,0.0512348071772369,7,"WGS84"
-77.7941518,43.2986281,3,3e-04,0.0563772959183673,392,0.0512348071772369,7,"WGS84"
-77.45852214,43.23336215,3,3e-04,0.0563772959183673,392,0.0512348071772369,7,"WGS84"
-77.65854335,43.25450508,3,3e-04,0.0563772959183673,392,0.0512348071772369,7,"WGS84"
-77.58563,43.18774,3,3e-04,0.0563772959183673,392,0.0512348071772369,7,"WGS84"
-77.58563,43.18774,3,3e-04,0.0563772959183673,392,0.0512348071772369,7,"WGS84"
-77.7939547,43.2986002,3,3e-04,0.0563772959183673,392,0.0512348071772369,7,"WGS84"
-77.65183618,43.18867375,3,3e-04,0.0563772959183673,392,0.0512348071772369,7,"WGS84"
-77.58563,43.18774,3,3e-04,0.0563772959183673,392,0.0512348071772369,7,"WGS84"
-77.81509423,43.18614725,3,3e-04,0.0563772959183673,392,0.0512348071772369,7,"WGS84"
-77.2900627,43.0325611,3,3e-04,0.0563772959183673,392,0.0512348071772369,7,"WGS84"
-77.662254,43.2060826,3,3e-04,0.0563772959183673,392,0.0512348071772369,7,"WGS84"
-77.6048085,43.21542864,3,3e-04,0.0563772959183673,392,0.0512348071772369,7,"WGS84"
-77.76919187,43.20493566,3,3e-04,0.0563772959183673,392,0.0512348071772369,7,"WGS84"
-77.6448553,43.25305134,3,3e-04,0.0563772959183673,392,0.0512348071772369,7,"WGS84"
-77.72671513,43.24247374,3,3e-04,0.0563772959183673,392,0.0512348071772369,7,"WGS84"
-77.72685734,43.24215505,3,3e-04,0.0563772959183673,392,0.0512348071772369,7,"WGS84"
-77.41626977,43.19931061,3,3e-04,0.0563772959183673,392,0.0512348071772369,7,"WGS84"
-77.712806,43.195789,3,3e-04,0.0563772959183673,392,0.0512348071772369,7,"WGS84"
-77.73833901,43.21943106,3,3e-04,0.0563772959183673,392,0.0512348071772369,7,"WGS84"
-77.7147618,43.2177048,3,3e-04,0.0563772959183673,392,0.0512348071772369,7,"WGS84"
-77.7268733,43.24258992,3,3e-04,0.0563772959183673,392,0.0512348071772369,7,"WGS84"
-77.60725277,43.19354192,3,3e-04,0.0563772959183673,392,0.0512348071772369,7,"WGS84"
-78.50121625,43.02141411,3,3e-04,0.0563772959183673,392,0.0512348071772369,7,"WGS84"
-77.45174782,43.20533528,3,3e-04,0.0563772959183673,392,0.0512348071772369,7,"WGS84"
-78.92440472,43.14311299,3,3e-04,0.0563772959183673,392,0.0512348071772369,7,"WGS84"
-78.92438507,43.14307404,3,3e-04,0.0563772959183673,392,0.0512348071772369,7,"WGS84"
-77.73943392,43.17922541,3,3e-04,0.0563772959183673,392,0.0512348071772369,7,"WGS84"
-77.5804588,43.1803474,3,3e-04,0.0563772959183673,392,0.0512348071772369,7,"WGS84"
-77.7396342,43.17938267,3,3e-04,0.0563772959183673,392,0.0512348071772369,7,"WGS84"
-77.6354677,43.2417512,3,3e-04,0.0563772959183673,392,0.0512348071772369,7,"WGS84"
-77.6618274,43.2062082,3,3e-04,0.0563772959183673,392,0.0512348071772369,7,"WGS84"
-77.68572151,43.24208545,3,3e-04,0.0563772959183673,392,0.0512348071772369,7,"WGS84"
-77.93946584,43.21246344,3,3e-04,0.0563772959183673,392,0.0512348071772369,7,"WGS84"
-77.69848824,43.25157958,3,3e-04,0.0563772959183673,392,0.0512348071772369,7,"WGS84"
-78.44332386,42.98024648,3,3e-04,0.0563772959183673,392,0.0512348071772369,7,"WGS84"
-78.67935212,43.13225471,3,3e-04,0.0563772959183673,392,0.0512348071772369,7,"WGS84"
-77.20483398,43.16116714,3,3e-04,0.0563772959183673,392,0.0512348071772369,7,"WGS84"
-77.7942262,43.2986879,3,3e-04,0.0563772959183673,392,0.0512348071772369,7,"WGS84"
-78.49343447,43.02441476,3,3e-04,0.0563772959183673,392,0.0512348071772369,7,"WGS84"
-77.23983112,43.06432442,3,3e-04,0.0563772959183673,392,0.0512348071772369,7,"WGS84"
-77.66420181,43.20671763,3,3e-04,0.0563772959183673,392,0.0512348071772369,7,"WGS84"
-77.7939519,43.2987639,3,3e-04,0.0563772959183673,392,0.0512348071772369,7,"WGS84"
-77.6932697,43.2444854,3,3e-04,0.0563772959183673,392,0.0512348071772369,7,"WGS84"
-77.6622335,43.2060928,3,3e-04,0.0563772959183673,392,0.0512348071772369,7,"WGS84"
-77.23989193,43.06430554,3,3e-04,0.0563772959183673,392,0.0512348071772369,7,"WGS84"
-77.6936251,43.2443401,3,3e-04,0.0563772959183673,392,0.0512348071772369,7,"WGS84"
-77.74137718,43.2310226,3,3e-04,0.0563772959183673,392,0.0512348071772369,7,"WGS84"
-77.63889391,43.19365491,3,3e-04,0.0563772959183673,392,0.0512348071772369,7,"WGS84"
-77.669448,43.202333,3,3e-04,0.0563772959183673,392,0.0512348071772369,7,"WGS84"
-77.66407306,43.2067574,3,3e-04,0.0563772959183673,392,0.0512348071772369,7,"WGS84"
-77.66415018,43.20675388,3,3e-04,0.0563772959183673,392,0.0512348071772369,7,"WGS84"
-77.59364,43.2284823,3,3e-04,0.0563772959183673,392,0.0512348071772369,7,"WGS84"
-76.14278104,43.23028236,3,3e-04,0.0563772959183673,392,0.0512348071772369,7,"WGS84"
-77.56450293,43.19070593,3,3e-04,0.0563772959183673,392,0.0512348071772369,7,"WGS84"
-77.5552276,43.1783123,3,3e-04,0.0563772959183673,392,0.0512348071772369,7,"WGS84"
-77.57448213,43.19473452,3,3e-04,0.0563772959183673,392,0.0512348071772369,7,"WGS84"
-77.68023622,43.20861618,3,3e-04,0.0563772959183673,392,0.0512348071772369,7,"WGS84"
-77.5936411,43.2284821,3,3e-04,0.0563772959183673,392,0.0512348071772369,7,"WGS84"
-77.6801083,43.20857018,3,3e-04,0.0563772959183673,392,0.0512348071772369,7,"WGS84"
-77.5552276,43.1783123,3,3e-04,0.0563772959183673,392,0.0512348071772369,7,"WGS84"
-77.6355048,43.2417152,3,3e-04,0.0563772959183673,392,0.0512348071772369,7,"WGS84"
-77.73950147,43.17900388,3,3e-04,0.0563772959183673,392,0.0512348071772369,7,"WGS84"
-77.63054206,43.18787603,3,3e-04,0.0563772959183673,392,0.0512348071772369,7,"WGS84"
-77.63056533,43.18803331,3,3e-04,0.0563772959183673,392,0.0512348071772369,7,"WGS84"
-77.65230169,43.22752843,3,3e-04,0.0563772959183673,392,0.0512348071772369,7,"WGS84"
-77.59103165,43.19931394,3,3e-04,0.0563772959183673,392,0.0512348071772369,7,"WGS84"
-77.79068858,43.21770937,3,3e-04,0.0563772959183673,392,0.0512348071772369,7,"WGS84"
-77.59091065,43.19928424,3,3e-04,0.0563772959183673,392,0.0512348071772369,7,"WGS84"
-77.63055251,43.18787114,3,3e-04,0.0563772959183673,392,0.0512348071772369,7,"WGS84"
-77.67064354,43.20642024,3,3e-04,0.0563772959183673,392,0.0512348071772369,7,"WGS84"
-76.14303365,43.23049265,3,3e-04,0.0563772959183673,392,0.0512348071772369,7,"WGS84"
-76.14277708,43.23035667,3,3e-04,0.0563772959183673,392,0.0512348071772369,7,"WGS84"
-77.73992928,43.17882296,3,3e-04,0.0563772959183673,392,0.0512348071772369,7,"WGS84"
-77.7065843,43.2089179,3,3e-04,0.0563772959183673,392,0.0512348071772369,7,"WGS84"
-77.58396,43.17928,3,3e-04,0.0563772959183673,392,0.0512348071772369,7,"WGS84"
-77.44120739,43.22257133,3,3e-04,0.0563772959183673,392,0.0512348071772369,7,"WGS84"
-77.58563,43.18774,3,3e-04,0.0563772959183673,392,0.0512348071772369,7,"WGS84"
-77.43202,43.211867,3,3e-04,0.0563772959183673,392,0.0512348071772369,7,"WGS84"
-77.58563,43.18774,3,3e-04,0.0563772959183673,392,0.0512348071772369,7,"WGS84"
-77.67066299,43.20631358,3,3e-04,0.0563772959183673,392,0.0512348071772369,7,"WGS84"
-77.71288541,43.24993665,3,3e-04,0.0563772959183673,392,0.0512348071772369,7,"WGS84"
-77.58563,43.18774,3,3e-04,0.0563772959183673,392,0.0512348071772369,7,"WGS84"
-77.6086692,43.1910045,3,3e-04,0.0563772959183673,392,0.0512348071772369,7,"WGS84"
-77.58563,43.18774,3,3e-04,0.0563772959183673,392,0.0512348071772369,7,"WGS84"
-77.91043658,43.30802895,3,3e-04,0.0563772959183673,392,0.0512348071772369,7,"WGS84"
-77.58563,43.18774,3,3e-04,0.0563772959183673,392,0.0512348071772369,7,"WGS84"
-77.68851549,43.20600028,3,3e-04,0.0563772959183673,392,0.0512348071772369,7,"WGS84"
-77.58396,43.17928,3,3e-04,0.0563772959183673,392,0.0512348071772369,7,"WGS84"
-77.58563,43.18774,3,3e-04,0.0563772959183673,392,0.0512348071772369,7,"WGS84"
-77.59513,43.18449,3,3e-04,0.0563772959183673,392,0.0512348071772369,7,"WGS84"
-77.5727282,43.21150045,3,3e-04,0.0563772959183673,392,0.0512348071772369,7,"WGS84"
-77.5552276,43.1783123,3,3e-04,0.0563772959183673,392,0.0512348071772369,7,"WGS84"
-77.58563,43.18774,3,3e-04,0.0563772959183673,392,0.0512348071772369,7,"WGS84"
-77.72634079,43.22720141,3,3e-04,0.0563772959183673,392,0.0512348071772369,7,"WGS84"
-77.66713115,43.21287026,3,3e-04,0.0563772959183673,392,0.0512348071772369,7,"WGS84"
-77.58563,43.18774,3,3e-04,0.0563772959183673,392,0.0512348071772369,7,"WGS84"
-78.96584029,43.13933644,3,3e-04,0.0563772959183673,392,0.0512348071772369,7,"WGS84"
-77.58334337,43.20320862,3,3e-04,0.0563772959183673,392,0.0512348071772369,7,"WGS84"
-77.6087299,43.1910472,3,3e-04,0.0563772959183673,392,0.0512348071772369,7,"WGS84"
-77.68849372,43.20581948,3,3e-04,0.0563772959183673,392,0.0512348071772369,7,"WGS84"
-77.66233253,43.26607217,3,3e-04,0.0563772959183673,392,0.0512348071772369,7,"WGS84"
-78.68739929,43.09247971,3,3e-04,0.0563772959183673,392,0.0512348071772369,7,"WGS84"
-78.9658766,43.13934962,3,3e-04,0.0563772959183673,392,0.0512348071772369,7,"WGS84"
-77.6045789,43.2057626,3,3e-04,0.0563772959183673,392,0.0512348071772369,7,"WGS84"
-77.58377887,43.20346709,3,3e-04,0.0563772959183673,392,0.0512348071772369,7,"WGS84"
-77.60419222,43.20604425,3,3e-04,0.0563772959183673,392,0.0512348071772369,7,"WGS84"
-77.70847472,43.24881554,3,3e-04,0.0563772959183673,392,0.0512348071772369,7,"WGS84"
-77.58376379,43.20340837,3,3e-04,0.0563772959183673,392,0.0512348071772369,7,"WGS84"
-77.6968005,43.2452231,3,3e-04,0.0563772959183673,392,0.0512348071772369,7,"WGS84"
-77.5989673,43.1777492,3,3e-04,0.0563772959183673,392,0.0512348071772369,7,"WGS84"
-77.8166934,43.18809332,3,3e-04,0.0563772959183673,392,0.0512348071772369,7,"WGS84"
-77.79949721,43.19867034,3,3e-04,0.0563772959183673,392,0.0512348071772369,7,"WGS84"
-77.66372991,43.25681579,3,3e-04,0.0563772959183673,392,0.0512348071772369,7,"WGS84"
-77.69642239,43.23388456,3,3e-04,0.0563772959183673,392,0.0512348071772369,7,"WGS84"
-77.80092524,43.19073552,3,3e-04,0.0563772959183673,392,0.0512348071772369,7,"WGS84"
-78.67983004,43.13228802,3,3e-04,0.0563772959183673,392,0.0512348071772369,7,"WGS84"
-77.65751401,43.25471905,3,3e-04,0.0563772959183673,392,0.0512348071772369,7,"WGS84"
-77.56457557,43.19106344,3,3e-04,0.0563772959183673,392,0.0512348071772369,7,"WGS84"
-77.58387868,43.20345523,3,3e-04,0.0563772959183673,392,0.0512348071772369,7,"WGS84"
-77.64726343,43.23239419,3,3e-04,0.0563772959183673,392,0.0512348071772369,7,"WGS84"
-77.47646605,43.19508485,3,3e-04,0.0563772959183673,392,0.0512348071772369,7,"WGS84"
-77.64743792,43.23231886,3,3e-04,0.0563772959183673,392,0.0512348071772369,7,"WGS84"
-77.6474323,43.2323202,3,3e-04,0.0563772959183673,392,0.0512348071772369,7,"WGS84"
-77.5838034,43.20342015,3,3e-04,0.0563772959183673,392,0.0512348071772369,7,"WGS84"
-77.70124831,43.2295294,3,3e-04,0.0563772959183673,392,0.0512348071772369,7,"WGS84"
-77.72409671,43.22876854,3,3e-04,0.0563772959183673,392,0.0512348071772369,7,"WGS84"
-77.79942557,43.19882163,3,3e-04,0.0563772959183673,392,0.0512348071772369,7,"WGS84"
-77.56424452,43.19074518,3,3e-04,0.0563772959183673,392,0.0512348071772369,7,"WGS84"
-77.73196807,43.199253,3,3e-04,0.0563772959183673,392,0.0512348071772369,7,"WGS84"
-77.9464287,43.20901637,3,3e-04,0.0563772959183673,392,0.0512348071772369,7,"WGS84"
-77.67648071,43.24412505,3,3e-04,0.0563772959183673,392,0.0512348071772369,7,"WGS84"
-77.60422504,43.20597776,3,3e-04,0.0563772959183673,392,0.0512348071772369,7,"WGS84"
-77.60442828,43.20588447,3,3e-04,0.0563772959183673,392,0.0512348071772369,7,"WGS84"
-78.6930945,43.14827744,3,3e-04,0.0563772959183673,392,0.0512348071772369,7,"WGS84"
-78.5748792,43.1342688,3,3e-04,0.0563772959183673,392,0.0512348071772369,7,"WGS84"
-77.60404422,43.20602952,3,3e-04,0.0563772959183673,392,0.0512348071772369,7,"WGS84"
-77.66683691,43.21291483,3,3e-04,0.0563772959183673,392,0.0512348071772369,7,"WGS84"
-77.63437381,43.25520228,3,3e-04,0.0563772959183673,392,0.0512348071772369,7,"WGS84"
-77.5644233,43.19085182,3,3e-04,0.0563772959183673,392,0.0512348071772369,7,"WGS84"
-76.11445748,43.22948791,3,3e-04,0.0563772959183673,392,0.0512348071772369,7,"WGS84"
-78.72292461,43.13295575,3,3e-04,0.0563772959183673,392,0.0512348071772369,7,"WGS84"
-77.58170629,43.20253234,3,3e-04,0.0563772959183673,392,0.0512348071772369,7,"WGS84"
-77.88095064,43.22500843,3,3e-04,0.0563772959183673,392,0.0512348071772369,7,"WGS84"
-78.69703023,43.1064435,3,3e-04,0.0563772959183673,392,0.0512348071772369,7,"WGS84"
-78.69775652,43.128282,3,3e-04,0.0563772959183673,392,0.0512348071772369,7,"WGS84"
-77.56215612,43.20326587,3,3e-04,0.0563772959183673,392,0.0512348071772369,7,"WGS84"
-77.5380262,43.1835714,3,3e-04,0.0563772959183673,392,0.0512348071772369,7,"WGS84"
-77.69632944,43.23387363,3,3e-04,0.0563772959183673,392,0.0512348071772369,7,"WGS84"
-77.67220383,43.20838033,3,3e-04,0.0563772959183673,392,0.0512348071772369,7,"WGS84"
-76.3180779,43.2743489,3,3e-04,0.0563772959183673,392,0.0512348071772369,7,"WGS84"
-77.64733465,43.23230017,3,3e-04,0.0563772959183673,392,0.0512348071772369,7,"WGS84"
-77.4622017,43.2078064,3,3e-04,0.0563772959183673,392,0.0512348071772369,7,"WGS84"
-77.66538976,43.22650188,3,3e-04,0.0563772959183673,392,0.0512348071772369,7,"WGS84"
-77.73157119,43.1781506,3,3e-04,0.0563772959183673,392,0.0512348071772369,7,"WGS84"
-77.73190849,43.17825637,3,3e-04,0.0563772959183673,392,0.0512348071772369,7,"WGS84"
-77.69651843,43.2339429,3,3e-04,0.0563772959183673,392,0.0512348071772369,7,"WGS84"
-77.94000739,43.21284918,3,3e-04,0.0563772959183673,392,0.0512348071772369,7,"WGS84"
-76.1144983,43.22951825,3,3e-04,0.0563772959183673,392,0.0512348071772369,7,"WGS84"
-77.6472676,43.23251319,3,3e-04,0.0563772959183673,392,0.0512348071772369,7,"WGS84"
-77.64735326,43.2323541,3,3e-04,0.0563772959183673,392,0.0512348071772369,7,"WGS84"
-77.6827394,43.2653193,3,3e-04,0.0563772959183673,392,0.0512348071772369,7,"WGS84"
-77.7415687,43.23104778,3,3e-04,0.0563772959183673,392,0.0512348071772369,7,"WGS84"
-77.7317728,43.17828188,3,3e-04,0.0563772959183673,392,0.0512348071772369,7,"WGS84"
-77.68188,43.2103205,3,3e-04,0.0563772959183673,392,0.0512348071772369,7,"WGS84"
-77.61270985,43.19631904,3,3e-04,0.0563772959183673,392,0.0512348071772369,7,"WGS84"
-77.67222836,43.20837012,3,3e-04,0.0563772959183673,392,0.0512348071772369,7,"WGS84"
-77.6963836,43.23389113,3,3e-04,0.0563772959183673,392,0.0512348071772369,7,"WGS84"
-77.59910002,43.21173195,3,3e-04,0.0563772959183673,392,0.0512348071772369,7,"WGS84"
-77.60464483,43.19536463,3,3e-04,0.0563772959183673,392,0.0512348071772369,7,"WGS84"
-77.6827394,43.2653193,3,3e-04,0.0563772959183673,392,0.0512348071772369,7,"WGS84"
-77.5643394,43.19074458,3,3e-04,0.0563772959183673,392,0.0512348071772369,7,"WGS84"
-77.6008475,43.2102378,3,3e-04,0.0563772959183673,392,0.0512348071772369,7,"WGS84"
-77.6827394,43.2653193,3,3e-04,0.0563772959183673,392,0.0512348071772369,7,"WGS84"
-77.51203942,43.22893142,3,3e-04,0.0563772959183673,392,0.0512348071772369,7,"WGS84"
-77.6827394,43.2653193,3,3e-04,0.0563772959183673,392,0.0512348071772369,7,"WGS84"
-77.6827394,43.2653193,3,3e-04,0.0563772959183673,392,0.0512348071772369,7,"WGS84"
-77.59094338,43.19839848,3,3e-04,0.0563772959183673,392,0.0512348071772369,7,"WGS84"
-77.5552276,43.1783123,3,3e-04,0.0563772959183673,392,0.0512348071772369,7,"WGS84"
-76.13258561,43.23105063,3,3e-04,0.0563772959183673,392,0.0512348071772369,7,"WGS84"
-76.8925476,43.1846101,3,3e-04,0.0563772959183673,392,0.0512348071772369,7,"WGS84"
-77.5552276,43.1783123,3,3e-04,0.0563772959183673,392,0.0512348071772369,7,"WGS84"
-76.8924399,43.1845588,3,3e-04,0.0563772959183673,392,0.0512348071772369,7,"WGS84"
-77.9374471,43.2073398,3,3e-04,0.0563772959183673,392,0.0512348071772369,7,"WGS84"
-77.5552276,43.1783123,3,3e-04,0.0563772959183673,392,0.0512348071772369,7,"WGS84"
-77.94039289,43.21259605,3,3e-04,0.0563772959183673,392,0.0512348071772369,7,"WGS84"
-77.56439715,43.19069529,3,3e-04,0.0563772959183673,392,0.0512348071772369,7,"WGS84"
-76.8923721,43.1845203,3,3e-04,0.0563772959183673,392,0.0512348071772369,7,"WGS84"
-76.8924241,43.1845107,3,3e-04,0.0563772959183673,392,0.0512348071772369,7,"WGS84"
-77.94002045,43.21283495,3,3e-04,0.0563772959183673,392,0.0512348071772369,7,"WGS84"
-77.67062502,43.20634548,3,3e-04,0.0563772959183673,392,0.0512348071772369,7,"WGS84"
-76.8923532,43.1845554,3,3e-04,0.0563772959183673,392,0.0512348071772369,7,"WGS84"
-78.68739929,43.09247971,3,3e-04,0.0563772959183673,392,0.0512348071772369,7,"WGS84"
-77.6825636,43.2654103,3,3e-04,0.0563772959183673,392,0.0512348071772369,7,"WGS84"
-77.5845308,43.1878129,3,3e-04,0.0563772959183673,392,0.0512348071772369,7,"WGS84"
-77.6537459,43.2552442,3,3e-04,0.0563772959183673,392,0.0512348071772369,7,"WGS84"
-77.94067738,43.21209823,3,3e-04,0.0563772959183673,392,0.0512348071772369,7,"WGS84"
-77.72441606,43.19610023,3,3e-04,0.0563772959183673,392,0.0512348071772369,7,"WGS84"
-77.5916345,43.186844,3,3e-04,0.0563772959183673,392,0.0512348071772369,7,"WGS84"
-77.63271175,43.24670245,3,3e-04,0.0563772959183673,392,0.0512348071772369,7,"WGS84"
-76.8923544,43.1845567,3,3e-04,0.0563772959183673,392,0.0512348071772369,7,"WGS84"
-77.601321,43.20947,3,3e-04,0.0563772959183673,392,0.0512348071772369,7,"WGS84"
-76.8923891,43.1845683,3,3e-04,0.0563772959183673,392,0.0512348071772369,7,"WGS84"
-77.6537459,43.2552442,3,3e-04,0.0563772959183673,392,0.0512348071772369,7,"WGS84"
-77.58253064,43.20586461,3,3e-04,0.0563772959183673,392,0.0512348071772369,7,"WGS84"
-77.65428719,43.21693576,3,3e-04,0.0563772959183673,392,0.0512348071772369,7,"WGS84"
-77.72372615,43.22843418,3,3e-04,0.0563772959183673,392,0.0512348071772369,7,"WGS84"
-77.67885156,43.24120772,3,3e-04,0.0563772959183673,392,0.0512348071772369,7,"WGS84"
-77.94050096,43.21265,3,3e-04,0.0563772959183673,392,0.0512348071772369,7,"WGS84"
-77.42426855,43.24699207,3,3e-04,0.0563772959183673,392,0.0512348071772369,7,"WGS84"
-77.72377637,43.22847275,3,3e-04,0.0563772959183673,392,0.0512348071772369,7,"WGS84"
-77.61152725,43.18673417,3,3e-04,0.0563772959183673,392,0.0512348071772369,7,"WGS84"
-77.79614133,43.18234777,3,3e-04,0.0563772959183673,392,0.0512348071772369,7,"WGS84"
-77.601201,43.19609106,3,3e-04,0.0563772959183673,392,0.0512348071772369,7,"WGS84"
-77.58524731,43.2204244,3,3e-04,0.0563772959183673,392,0.0512348071772369,7,"WGS84"
-77.6411105,43.1794984,3,3e-04,0.0563772959183673,392,0.0512348071772369,7,"WGS84"
-77.9399209,43.21275227,3,3e-04,0.0563772959183673,392,0.0512348071772369,7,"WGS84"
-77.72414012,43.22877768,3,3e-04,0.0563772959183673,392,0.0512348071772369,7,"WGS84"
-77.7237823,43.22853028,3,3e-04,0.0563772959183673,392,0.0512348071772369,7,"WGS84"
-77.69731955,43.20434002,3,3e-04,0.0563772959183673,392,0.0512348071772369,7,"WGS84"
-77.61131854,43.18686627,3,3e-04,0.0563772959183673,392,0.0512348071772369,7,"WGS84"
-77.5793685,43.1973965,3,3e-04,0.0563772959183673,392,0.0512348071772369,7,"WGS84"
-76.8064327,43.2211961,3,3e-04,0.0563772959183673,392,0.0512348071772369,7,"WGS84"
-77.5793685,43.1973965,3,3e-04,0.0563772959183673,392,0.0512348071772369,7,"WGS84"
-76.8064092,43.2212042,3,3e-04,0.0563772959183673,392,0.0512348071772369,7,"WGS84"
-77.5793685,43.1973965,3,3e-04,0.0563772959183673,392,0.0512348071772369,7,"WGS84"
-77.63070626,43.18797165,3,3e-04,0.0563772959183673,392,0.0512348071772369,7,"WGS84"
-77.59372417,43.21929887,3,3e-04,0.0563772959183673,392,0.0512348071772369,7,"WGS84"
-77.59772881,43.21259024,3,3e-04,0.0563772959183673,392,0.0512348071772369,7,"WGS84"
-77.63076503,43.18796288,3,3e-04,0.0563772959183673,392,0.0512348071772369,7,"WGS84"
-77.5937472,43.21929912,3,3e-04,0.0563772959183673,392,0.0512348071772369,7,"WGS84"
-77.62300704,43.20521318,3,3e-04,0.0563772959183673,392,0.0512348071772369,7,"WGS84"
-77.60138982,43.19960378,3,3e-04,0.0563772959183673,392,0.0512348071772369,7,"WGS84"
-77.63088936,43.18787239,3,3e-04,0.0563772959183673,392,0.0512348071772369,7,"WGS84"
-77.69771193,43.2724083,3,3e-04,0.0563772959183673,392,0.0512348071772369,7,"WGS84"
-77.45603691,43.20044752,3,3e-04,0.0563772959183673,392,0.0512348071772369,7,"WGS84"
-77.5797589,43.1976066,3,3e-04,0.0563772959183673,392,0.0512348071772369,7,"WGS84"
-77.25874914,43.16448402,3,3e-04,0.0563772959183673,392,0.0512348071772369,7,"WGS84"
-77.5792233,43.1967625,3,3e-04,0.0563772959183673,392,0.0512348071772369,7,"WGS84"
-77.79759548,43.21818405,3,3e-04,0.0563772959183673,392,0.0512348071772369,7,"WGS84"
-77.5792233,43.1967625,3,3e-04,0.0563772959183673,392,0.0512348071772369,7,"WGS84"
-77.58197081,43.22578051,3,3e-04,0.0563772959183673,392,0.0512348071772369,7,"WGS84"
-77.5793767,43.1967723,3,3e-04,0.0563772959183673,392,0.0512348071772369,7,"WGS84"
-77.9514611,43.2003035,3,3e-04,0.0563772959183673,392,0.0512348071772369,7,"WGS84"
-77.5522299,43.1906788,3,3e-04,0.0563772959183673,392,0.0512348071772369,7,"WGS84"
-77.58545613,43.20951771,3,3e-04,0.0563772959183673,392,0.0512348071772369,7,"WGS84"
-77.72657655,43.22743764,3,3e-04,0.0563772959183673,392,0.0512348071772369,7,"WGS84"
-77.21143971,43.15186503,3,3e-04,0.0563772959183673,392,0.0512348071772369,7,"WGS84"
-77.79846092,43.17782307,3,3e-04,0.0563772959183673,392,0.0512348071772369,7,"WGS84"
-78.66963892,43.140864,3,3e-04,0.0563772959183673,392,0.0512348071772369,7,"WGS84"
-77.5792429,43.1974822,3,3e-04,0.0563772959183673,392,0.0512348071772369,7,"WGS84"
-77.72681195,43.22752134,3,3e-04,0.0563772959183673,392,0.0512348071772369,7,"WGS84"
-77.55921642,43.2371627,3,3e-04,0.0563772959183673,392,0.0512348071772369,7,"WGS84"
-76.14280253,43.23027754,3,3e-04,0.0563772959183673,392,0.0512348071772369,7,"WGS84"
-78.40547332,42.96033471,3,3e-04,0.0563772959183673,392,0.0512348071772369,7,"WGS84"
-77.66687404,43.21306223,3,3e-04,0.0563772959183673,392,0.0512348071772369,7,"WGS84"
-78.66958893,43.14082837,3,3e-04,0.0563772959183673,392,0.0512348071772369,7,"WGS84"
-77.60252818,43.20965545,3,3e-04,0.0563772959183673,392,0.0512348071772369,7,"WGS84"
-77.94421127,43.20415503,3,3e-04,0.0563772959183673,392,0.0512348071772369,7,"WGS84"
-77.59431928,43.21939928,3,3e-04,0.0563772959183673,392,0.0512348071772369,7,"WGS84"
-77.72356102,43.22842257,3,3e-04,0.0563772959183673,392,0.0512348071772369,7,"WGS84"
-77.60248887,43.20963684,3,3e-04,0.0563772959183673,392,0.0512348071772369,7,"WGS84"
-77.66739241,43.20676726,3,3e-04,0.0563772959183673,392,0.0512348071772369,7,"WGS84"
-77.5441271,43.17925841,3,3e-04,0.0563772959183673,392,0.0512348071772369,7,"WGS84"
-77.79120338,43.28504385,3,3e-04,0.0563772959183673,392,0.0512348071772369,7,"WGS84"
-77.54413242,43.17933322,3,3e-04,0.0563772959183673,392,0.0512348071772369,7,"WGS84"
-77.7898839,43.2525432,3,3e-04,0.0563772959183673,392,0.0512348071772369,7,"WGS84"
-77.72376412,43.22894877,3,3e-04,0.0563772959183673,392,0.0512348071772369,7,"WGS84"
-77.95473559,43.21489777,3,3e-04,0.0563772959183673,392,0.0512348071772369,7,"WGS84"
-77.58563,43.18774,3,3e-04,0.0563772959183673,392,0.0512348071772369,7,"WGS84"
-76.8145339,43.20813401,3,3e-04,0.0563772959183673,392,0.0512348071772369,7,"WGS84"
-77.55764023,43.17693641,3,3e-04,0.0563772959183673,392,0.0512348071772369,7,"WGS84"
-77.58563,43.18774,3,3e-04,0.0563772959183673,392,0.0512348071772369,7,"WGS84"
-77.7792666,43.2588122,3,3e-04,0.0563772959183673,392,0.0512348071772369,7,"WGS84"
-77.58613,43.19001,3,3e-04,0.0563772959183673,392,0.0512348071772369,7,"WGS84"
-77.66783511,43.20733567,3,3e-04,0.0563772959183673,392,0.0512348071772369,7,"WGS84"
-77.9377,43.2165,3,3e-04,0.0563772959183673,392,0.0512348071772369,7,"WGS84"
-77.54412858,43.17926669,3,3e-04,0.0563772959183673,392,0.0512348071772369,7,"WGS84"
-77.5676735,43.21231421,3,3e-04,0.0563772959183673,392,0.0512348071772369,7,"WGS84"
-77.58613,43.19001,3,3e-04,0.0563772959183673,392,0.0512348071772369,7,"WGS84"
-77.623349,43.1750735,3,3e-04,0.0563772959183673,392,0.0512348071772369,7,"WGS84"
-77.54412764,43.17925745,3,3e-04,0.0563772959183673,392,0.0512348071772369,7,"WGS84"
-77.72498786,43.22901676,3,3e-04,0.0563772959183673,392,0.0512348071772369,7,"WGS84"
-77.7236052,43.22861816,3,3e-04,0.0563772959183673,392,0.0512348071772369,7,"WGS84"
-77.54414522,43.17921933,3,3e-04,0.0563772959183673,392,0.0512348071772369,7,"WGS84"
-77.6231512,43.175113,3,3e-04,0.0563772959183673,392,0.0512348071772369,7,"WGS84"
-76.1276439,43.2902368,3,3e-04,0.0563772959183673,392,0.0512348071772369,7,"WGS84"
-77.60454574,43.21128441,3,3e-04,0.0563772959183673,392,0.0512348071772369,7,"WGS84"
-77.54413021,43.1792175,3,3e-04,0.0563772959183673,392,0.0512348071772369,7,"WGS84"
-77.54413237,43.17925468,3,3e-04,0.0563772959183673,392,0.0512348071772369,7,"WGS84"
-76.1283293,43.2890501,3,3e-04,0.0563772959183673,392,0.0512348071772369,7,"WGS84"
-77.72444266,43.22883436,3,3e-04,0.0563772959183673,392,0.0512348071772369,7,"WGS84"
-77.54407606,43.17924247,3,3e-04,0.0563772959183673,392,0.0512348071772369,7,"WGS84"
-78.96594637,43.13930157,3,3e-04,0.0563772959183673,392,0.0512348071772369,7,"WGS84"
-77.60454105,43.2112885,3,3e-04,0.0563772959183673,392,0.0512348071772369,7,"WGS84"
-78.9658998,43.13936527,3,3e-04,0.0563772959183673,392,0.0512348071772369,7,"WGS84"
-78.68799938,43.13208916,3,3e-04,0.0563772959183673,392,0.0512348071772369,7,"WGS84"
-77.6354666,43.2417569,3,3e-04,0.0563772959183673,392,0.0512348071772369,7,"WGS84"
-78.96584205,43.1394011,3,3e-04,0.0563772959183673,392,0.0512348071772369,7,"WGS84"
-78.96594715,43.13929723,3,3e-04,0.0563772959183673,392,0.0512348071772369,7,"WGS84"
-77.95514458,43.21531278,3,3e-04,0.0563772959183673,392,0.0512348071772369,7,"WGS84"
-77.50039507,43.20128059,3,3e-04,0.0563772959183673,392,0.0512348071772369,7,"WGS84"
-77.59404668,43.21936998,3,3e-04,0.0563772959183673,392,0.0512348071772369,7,"WGS84"
-77.67635986,43.24390926,3,3e-04,0.0563772959183673,392,0.0512348071772369,7,"WGS84"
-77.66681152,43.21277772,3,3e-04,0.0563772959183673,392,0.0512348071772369,7,"WGS84"
-77.72432101,43.22889237,3,3e-04,0.0563772959183673,392,0.0512348071772369,7,"WGS84"
-77.72637031,43.22733667,3,3e-04,0.0563772959183673,392,0.0512348071772369,7,"WGS84"
-77.66929881,43.20575387,3,3e-04,0.0563772959183673,392,0.0512348071772369,7,"WGS84"
-77.5014804,43.22943565,3,3e-04,0.0563772959183673,392,0.0512348071772369,7,"WGS84"
-76.14267606,43.23021025,3,3e-04,0.0563772959183673,392,0.0512348071772369,7,"WGS84"
-77.62027857,43.17460095,3,3e-04,0.0563772959183673,392,0.0512348071772369,7,"WGS84"
-77.50656135,43.18176399,3,3e-04,0.0563772959183673,392,0.0512348071772369,7,"WGS84"
-77.58468012,43.1822189,3,3e-04,0.0563772959183673,392,0.0512348071772369,7,"WGS84"
-77.54684821,43.19576492,3,3e-04,0.0563772959183673,392,0.0512348071772369,7,"WGS84"
-77.65932,43.2359719,3,3e-04,0.0563772959183673,392,0.0512348071772369,7,"WGS84"
-77.5642948,43.19082756,3,3e-04,0.0563772959183673,392,0.0512348071772369,7,"WGS84"
-77.67625194,43.21314148,3,3e-04,0.0563772959183673,392,0.0512348071772369,7,"WGS84"
-77.67025554,43.23437191,3,3e-04,0.0563772959183673,392,0.0512348071772369,7,"WGS84"
-77.95301694,43.20160332,3,3e-04,0.0563772959183673,392,0.0512348071772369,7,"WGS84"
-76.21086055,43.27871708,3,3e-04,0.0563772959183673,392,0.0512348071772369,7,"WGS84"
-77.63642991,43.25798685,3,3e-04,0.0563772959183673,392,0.0512348071772369,7,"WGS84"
-77.95297311,43.20157648,3,3e-04,0.0563772959183673,392,0.0512348071772369,7,"WGS84"
-77.68299404,43.22156524,3,3e-04,0.0563772959183673,392,0.0512348071772369,7,"WGS84"
-77.5646966,43.19108546,3,3e-04,0.0563772959183673,392,0.0512348071772369,7,"WGS84"
-76.15728602,43.227339,3,3e-04,0.0563772959183673,392,0.0512348071772369,7,"WGS84"
-77.678701,43.2219457,3,3e-04,0.0563772959183673,392,0.0512348071772369,7,"WGS84"
-77.69651805,43.25049813,3,3e-04,0.0563772959183673,392,0.0512348071772369,7,"WGS84"
-77.56431096,43.2053894,3,3e-04,0.0563772959183673,392,0.0512348071772369,7,"WGS84"
-77.6816836,43.1947854,3,3e-04,0.0563772959183673,392,0.0512348071772369,7,"WGS84"
-77.66631665,43.20791516,3,3e-04,0.0563772959183673,392,0.0512348071772369,7,"WGS84"
-77.6901031,43.2138011,3,3e-04,0.0563772959183673,392,0.0512348071772369,7,"WGS84"
-77.6901031,43.2138011,3,3e-04,0.0563772959183673,392,0.0512348071772369,7,"WGS84"
-77.94356118,43.21422445,3,3e-04,0.0563772959183673,392,0.0512348071772369,7,"WGS84"
-77.6900455,43.2138179,3,3e-04,0.0563772959183673,392,0.0512348071772369,7,"WGS84"
-77.72411317,43.22884776,3,3e-04,0.0563772959183673,392,0.0512348071772369,7,"WGS84"
-77.6897243,43.2139622,3,3e-04,0.0563772959183673,392,0.0512348071772369,7,"WGS84"
-77.67624702,43.21324324,3,3e-04,0.0563772959183673,392,0.0512348071772369,7,"WGS84"
-78.66840879,42.19774256,4,3e-04,0,3,0.0512348071772369,7,"WGS84"
-78.66842698,42.19752752,4,3e-04,0,3,0.0512348071772369,7,"WGS84"
-78.66834484,42.19761159,4,3e-04,0,3,0.0512348071772369,7,"WGS84"
-78.68158251,43.17903671,5,3e-04,0.0993181818181818,44,0.0512348071772369,7,"WGS84"
-78.68158823,43.17903661,5,3e-04,0.0993181818181818,44,0.0512348071772369,7,"WGS84"
-78.6856414,43.16627503,5,3e-04,0.0993181818181818,44,0.0512348071772369,7,"WGS84"
-78.68091761,43.17912432,5,3e-04,0.0993181818181818,44,0.0512348071772369,7,"WGS84"
-78.68155882,43.17902722,5,3e-04,0.0993181818181818,44,0.0512348071772369,7,"WGS84"
-78.68158622,43.17903733,5,3e-04,0.0993181818181818,44,0.0512348071772369,7,"WGS84"
-78.68158283,43.17903622,5,3e-04,0.0993181818181818,44,0.0512348071772369,7,"WGS84"
-78.6698884,43.17256111,5,3e-04,0.0993181818181818,44,0.0512348071772369,7,"WGS84"
-78.6859821,43.16680638,5,3e-04,0.0993181818181818,44,0.0512348071772369,7,"WGS84"
-78.68625471,43.17016422,5,3e-04,0.0993181818181818,44,0.0512348071772369,7,"WGS84"
-78.49526223,43.28135085,5,3e-04,0.0993181818181818,44,0.0512348071772369,7,"WGS84"
-78.49522954,43.28134683,5,3e-04,0.0993181818181818,44,0.0512348071772369,7,"WGS84"
-78.49509903,43.28113808,5,3e-04,0.0993181818181818,44,0.0512348071772369,7,"WGS84"
-78.6818941,43.1565424,5,3e-04,0.0993181818181818,44,0.0512348071772369,7,"WGS84"
-78.7588012,43.2450424,5,3e-04,0.0993181818181818,44,0.0512348071772369,7,"WGS84"
-78.7588018,43.2450427,5,3e-04,0.0993181818181818,44,0.0512348071772369,7,"WGS84"
-78.8058237,43.2080798,5,3e-04,0.0993181818181818,44,0.0512348071772369,7,"WGS84"
-78.68158203,43.17903583,5,3e-04,0.0993181818181818,44,0.0512348071772369,7,"WGS84"
-78.7136766,43.1664383,5,3e-04,0.0993181818181818,44,0.0512348071772369,7,"WGS84"
-78.67079506,43.17529818,5,3e-04,0.0993181818181818,44,0.0512348071772369,7,"WGS84"
-78.68342225,43.24572144,5,3e-04,0.0993181818181818,44,0.0512348071772369,7,"WGS84"
-78.6354873,43.1811379,5,3e-04,0.0993181818181818,44,0.0512348071772369,7,"WGS84"
-78.83109475,43.31192158,5,3e-04,0.0993181818181818,44,0.0512348071772369,7,"WGS84"
-78.66934933,43.17920927,5,3e-04,0.0993181818181818,44,0.0512348071772369,7,"WGS84"
-78.67483815,43.17714487,5,3e-04,0.0993181818181818,44,0.0512348071772369,7,"WGS84"
-78.68085014,43.17892295,5,3e-04,0.0993181818181818,44,0.0512348071772369,7,"WGS84"
-78.49506358,43.28114814,5,3e-04,0.0993181818181818,44,0.0512348071772369,7,"WGS84"
-78.69984529,43.27165115,5,3e-04,0.0993181818181818,44,0.0512348071772369,7,"WGS84"
-78.86654096,43.22532478,5,3e-04,0.0993181818181818,44,0.0512348071772369,7,"WGS84"
-78.70046913,43.27444102,5,3e-04,0.0993181818181818,44,0.0512348071772369,7,"WGS84"
-78.49513549,43.28110279,5,3e-04,0.0993181818181818,44,0.0512348071772369,7,"WGS84"
-78.6705931,43.1780268,5,3e-04,0.0993181818181818,44,0.0512348071772369,7,"WGS84"
-78.70037295,43.2746972,5,3e-04,0.0993181818181818,44,0.0512348071772369,7,"WGS84"
-78.67194864,43.17566071,5,3e-04,0.0993181818181818,44,0.0512348071772369,7,"WGS84"
-78.83113462,43.31190504,5,3e-04,0.0993181818181818,44,0.0512348071772369,7,"WGS84"
-78.70044451,43.27460133,5,3e-04,0.0993181818181818,44,0.0512348071772369,7,"WGS84"
-78.6910712,43.16889798,5,3e-04,0.0993181818181818,44,0.0512348071772369,7,"WGS84"
-78.67748179,43.17449529,5,3e-04,0.0993181818181818,44,0.0512348071772369,7,"WGS84"
-78.67033165,43.1664044,5,3e-04,0.0993181818181818,44,0.0512348071772369,7,"WGS84"
-78.70152857,43.28710798,5,3e-04,0.0993181818181818,44,0.0512348071772369,7,"WGS84"
-78.70167431,43.28733478,5,3e-04,0.0993181818181818,44,0.0512348071772369,7,"WGS84"
-78.71534981,43.20125939,5,3e-04,0.0993181818181818,44,0.0512348071772369,7,"WGS84"
-78.79981221,43.16288383,5,3e-04,0.0993181818181818,44,0.0512348071772369,7,"WGS84"
-78.69270684,43.17069518,5,3e-04,0.0993181818181818,44,0.0512348071772369,7,"WGS84"
-78.48206947,42.08090609,7,3e-04,0.19894375,16,0.0512348071772369,7,"WGS84"
-78.43757802,42.08557275,7,3e-04,0.19894375,16,0.0512348071772369,7,"WGS84"
-78.48193576,42.08079766,7,3e-04,0.19894375,16,0.0512348071772369,7,"WGS84"
-78.26666828,42.07640215,7,3e-04,0.19894375,16,0.0512348071772369,7,"WGS84"
-78.46328571,42.07692975,7,3e-04,0.19894375,16,0.0512348071772369,7,"WGS84"
-78.46328571,42.07692975,7,3e-04,0.19894375,16,0.0512348071772369,7,"WGS84"
-78.4428891,42.083642,7,3e-04,0.19894375,16,0.0512348071772369,7,"WGS84"
-78.15676284,42.06641322,7,3e-04,0.19894375,16,0.0512348071772369,7,"WGS84"
-78.48500631,42.07942116,7,3e-04,0.19894375,16,0.0512348071772369,7,"WGS84"
-78.39049873,42.07802193,7,3e-04,0.19894375,16,0.0512348071772369,7,"WGS84"
-78.46310917,42.0770341,7,3e-04,0.19894375,16,0.0512348071772369,7,"WGS84"
-78.44254117,42.0841309,7,3e-04,0.19894375,16,0.0512348071772369,7,"WGS84"
-78.46415623,42.08130399,7,3e-04,0.19894375,16,0.0512348071772369,7,"WGS84"
-78.48213734,42.08098667,7,3e-04,0.19894375,16,0.0512348071772369,7,"WGS84"
-78.46286609,42.07717827,7,3e-04,0.19894375,16,0.0512348071772369,7,"WGS84"
-78.3904327,42.07786793,7,3e-04,0.19894375,16,0.0512348071772369,7,"WGS84"
-78.4301809,42.2642681,8,3e-04,0.4215,1,0.0512348071772369,7,"WGS84"
-78.55626144,42.82340855,9,3e-04,-0.1779,1,0.0512348071772369,7,"WGS84"
-78.1399872,42.207552,10,3e-04,0.466,1,0.0512348071772369,7,"WGS84"
-77.5854533,42.3719897,12,3e-04,0.0753611111111111,18,0.0512348071772369,7,"WGS84"
-77.60701942,42.26752383,12,3e-04,0.0753611111111111,18,0.0512348071772369,7,"WGS84"
-77.60722109,42.26749496,12,3e-04,0.0753611111111111,18,0.0512348071772369,7,"WGS84"
-77.60756132,42.2676981,12,3e-04,0.0753611111111111,18,0.0512348071772369,7,"WGS84"
-77.60736773,42.26755677,12,3e-04,0.0753611111111111,18,0.0512348071772369,7,"WGS84"
-77.65688944,42.29168446,12,3e-04,0.0753611111111111,18,0.0512348071772369,7,"WGS84"
-77.65795788,42.29134889,12,3e-04,0.0753611111111111,18,0.0512348071772369,7,"WGS84"
-77.60723387,42.26760824,12,3e-04,0.0753611111111111,18,0.0512348071772369,7,"WGS84"
-77.66378338,42.31958438,12,3e-04,0.0753611111111111,18,0.0512348071772369,7,"WGS84"
-77.60717568,42.26753517,12,3e-04,0.0753611111111111,18,0.0512348071772369,7,"WGS84"
-77.66816642,42.36992324,12,3e-04,0.0753611111111111,18,0.0512348071772369,7,"WGS84"
-77.66353961,42.32218287,12,3e-04,0.0753611111111111,18,0.0512348071772369,7,"WGS84"
-77.6603462,42.34479047,12,3e-04,0.0753611111111111,18,0.0512348071772369,7,"WGS84"
-77.59705871,42.26739455,12,3e-04,0.0753611111111111,18,0.0512348071772369,7,"WGS84"
-77.65437143,42.32379603,12,3e-04,0.0753611111111111,18,0.0512348071772369,7,"WGS84"
-77.6634261,42.32194869,12,3e-04,0.0753611111111111,18,0.0512348071772369,7,"WGS84"
-77.66330352,42.32214061,12,3e-04,0.0753611111111111,18,0.0512348071772369,7,"WGS84"
-77.66027564,42.34482401,12,3e-04,0.0753611111111111,18,0.0512348071772369,7,"WGS84"
-77.47109021,42.55606334,14,3e-04,0.11148,5,0.0512348071772369,7,"WGS84"
-77.47103247,42.55612667,14,3e-04,0.11148,5,0.0512348071772369,7,"WGS84"
-77.47095854,42.55617034,14,3e-04,0.11148,5,0.0512348071772369,7,"WGS84"
-77.47090618,42.55608741,14,3e-04,0.11148,5,0.0512348071772369,7,"WGS84"
-77.47102265,42.55609045,14,3e-04,0.11148,5,0.0512348071772369,7,"WGS84"
-77.30510976,42.33199113,15,3e-04,0.0897285714285714,7,0.0512348071772369,7,"WGS84"
-77.3116772,42.34311633,15,3e-04,0.0897285714285714,7,0.0512348071772369,7,"WGS84"
-77.32185018,42.3428965,15,3e-04,0.0897285714285714,7,0.0512348071772369,7,"WGS84"
-77.32178422,42.3428737,15,3e-04,0.0897285714285714,7,0.0512348071772369,7,"WGS84"
-77.19795132,42.24391279,15,3e-04,0.0897285714285714,7,0.0512348071772369,7,"WGS84"
-77.3161083,42.3458641,15,3e-04,0.0897285714285714,7,0.0512348071772369,7,"WGS84"
-77.16692636,42.22223964,15,3e-04,0.0897285714285714,7,0.0512348071772369,7,"WGS84"
-76.83145827,42.12854263,16,3e-04,0.0941651515151515,66,0.0512348071772369,7,"WGS84"
-76.8267519,42.1431511,16,3e-04,0.0941651515151515,66,0.0512348071772369,7,"WGS84"
-76.80410882,42.10529566,16,3e-04,0.0941651515151515,66,0.0512348071772369,7,"WGS84"
-76.7546749,42.0170574,16,3e-04,0.0941651515151515,66,0.0512348071772369,7,"WGS84"
-76.81110823,42.07806004,16,3e-04,0.0941651515151515,66,0.0512348071772369,7,"WGS84"
-76.82326105,42.15693556,16,3e-04,0.0941651515151515,66,0.0512348071772369,7,"WGS84"
-76.8161609,42.06128634,16,3e-04,0.0941651515151515,66,0.0512348071772369,7,"WGS84"
-76.81627953,42.06129426,16,3e-04,0.0941651515151515,66,0.0512348071772369,7,"WGS84"
-76.7284911,42.0332031,16,3e-04,0.0941651515151515,66,0.0512348071772369,7,"WGS84"
-76.7284911,42.0332031,16,3e-04,0.0941651515151515,66,0.0512348071772369,7,"WGS84"
-76.7284911,42.0332031,16,3e-04,0.0941651515151515,66,0.0512348071772369,7,"WGS84"
-76.83067873,42.17080431,16,3e-04,0.0941651515151515,66,0.0512348071772369,7,"WGS84"
-76.79762534,42.09129087,16,3e-04,0.0941651515151515,66,0.0512348071772369,7,"WGS84"
-76.80630254,42.07995733,16,3e-04,0.0941651515151515,66,0.0512348071772369,7,"WGS84"
-76.79776113,42.09126487,16,3e-04,0.0941651515151515,66,0.0512348071772369,7,"WGS84"
-76.8507407,42.17502488,16,3e-04,0.0941651515151515,66,0.0512348071772369,7,"WGS84"
-76.80338555,42.09279493,16,3e-04,0.0941651515151515,66,0.0512348071772369,7,"WGS84"
-76.85082571,42.17499175,16,3e-04,0.0941651515151515,66,0.0512348071772369,7,"WGS84"
-76.85073111,42.1749208,16,3e-04,0.0941651515151515,66,0.0512348071772369,7,"WGS84"
-76.7845063,42.06509327,16,3e-04,0.0941651515151515,66,0.0512348071772369,7,"WGS84"
-77.1793826,42.0806219,16,3e-04,0.0941651515151515,66,0.0512348071772369,7,"WGS84"
-76.81290873,42.09861989,16,3e-04,0.0941651515151515,66,0.0512348071772369,7,"WGS84"
-76.7678047,42.0084668,16,3e-04,0.0941651515151515,66,0.0512348071772369,7,"WGS84"
-76.89525801,42.16278557,16,3e-04,0.0941651515151515,66,0.0512348071772369,7,"WGS84"
-76.80495615,42.08035342,16,3e-04,0.0941651515151515,66,0.0512348071772369,7,"WGS84"
-76.9235291,42.159696,16,3e-04,0.0941651515151515,66,0.0512348071772369,7,"WGS84"
-76.81294771,42.10191817,16,3e-04,0.0941651515151515,66,0.0512348071772369,7,"WGS84"
-76.7284911,42.0332031,16,3e-04,0.0941651515151515,66,0.0512348071772369,7,"WGS84"
-76.83862185,42.1759941,16,3e-04,0.0941651515151515,66,0.0512348071772369,7,"WGS84"
-76.84035507,42.16683151,16,3e-04,0.0941651515151515,66,0.0512348071772369,7,"WGS84"
-76.81714914,42.14307952,16,3e-04,0.0941651515151515,66,0.0512348071772369,7,"WGS84"
-76.82956522,42.14237742,16,3e-04,0.0941651515151515,66,0.0512348071772369,7,"WGS84"
-76.8209714,42.0704591,16,3e-04,0.0941651515151515,66,0.0512348071772369,7,"WGS84"
-76.82658587,42.13049612,16,3e-04,0.0941651515151515,66,0.0512348071772369,7,"WGS84"
-76.7676465,42.0125039,16,3e-04,0.0941651515151515,66,0.0512348071772369,7,"WGS84"
-76.78655584,42.00836469,16,3e-04,0.0941651515151515,66,0.0512348071772369,7,"WGS84"
-76.82449076,42.10389655,16,3e-04,0.0941651515151515,66,0.0512348071772369,7,"WGS84"
-76.84537429,42.1723224,16,3e-04,0.0941651515151515,66,0.0512348071772369,7,"WGS84"
-76.8091257,42.06257751,16,3e-04,0.0941651515151515,66,0.0512348071772369,7,"WGS84"
-76.80262966,42.07748952,16,3e-04,0.0941651515151515,66,0.0512348071772369,7,"WGS84"
-76.82959844,42.0534276,16,3e-04,0.0941651515151515,66,0.0512348071772369,7,"WGS84"
-76.83444059,42.07751376,16,3e-04,0.0941651515151515,66,0.0512348071772369,7,"WGS84"
-76.83126569,42.14017665,16,3e-04,0.0941651515151515,66,0.0512348071772369,7,"WGS84"
-76.8225399,42.0542024,16,3e-04,0.0941651515151515,66,0.0512348071772369,7,"WGS84"
-76.8032387,42.091626,16,3e-04,0.0941651515151515,66,0.0512348071772369,7,"WGS84"
-76.81064158,42.11119723,16,3e-04,0.0941651515151515,66,0.0512348071772369,7,"WGS84"
-76.8083738,42.0614365,16,3e-04,0.0941651515151515,66,0.0512348071772369,7,"WGS84"
-76.8085861,42.0616487,16,3e-04,0.0941651515151515,66,0.0512348071772369,7,"WGS84"
-76.8086074,42.0616711,16,3e-04,0.0941651515151515,66,0.0512348071772369,7,"WGS84"
-76.78482106,42.08026956,16,3e-04,0.0941651515151515,66,0.0512348071772369,7,"WGS84"
-76.80509946,42.07159623,16,3e-04,0.0941651515151515,66,0.0512348071772369,7,"WGS84"
-76.808621,42.0616531,16,3e-04,0.0941651515151515,66,0.0512348071772369,7,"WGS84"
-76.87928804,42.15570824,16,3e-04,0.0941651515151515,66,0.0512348071772369,7,"WGS84"
-76.85319001,42.05997995,16,3e-04,0.0941651515151515,66,0.0512348071772369,7,"WGS84"
-76.78638672,42.00859209,16,3e-04,0.0941651515151515,66,0.0512348071772369,7,"WGS84"
-76.8130099,42.10216921,16,3e-04,0.0941651515151515,66,0.0512348071772369,7,"WGS84"
-76.7850324,42.08030778,16,3e-04,0.0941651515151515,66,0.0512348071772369,7,"WGS84"
-76.78506469,42.08027038,16,3e-04,0.0941651515151515,66,0.0512348071772369,7,"WGS84"
-76.78507215,42.08028527,16,3e-04,0.0941651515151515,66,0.0512348071772369,7,"WGS84"
-76.80139619,42.07507177,16,3e-04,0.0941651515151515,66,0.0512348071772369,7,"WGS84"
-76.83191159,42.12881617,16,3e-04,0.0941651515151515,66,0.0512348071772369,7,"WGS84"
-76.82762115,42.11833404,16,3e-04,0.0941651515151515,66,0.0512348071772369,7,"WGS84"
-76.80674716,42.07355377,16,3e-04,0.0941651515151515,66,0.0512348071772369,7,"WGS84"
-76.8269593,42.1431056,16,3e-04,0.0941651515151515,66,0.0512348071772369,7,"WGS84"
-76.78501259,42.08026047,16,3e-04,0.0941651515151515,66,0.0512348071772369,7,"WGS84"
-76.78501837,42.06469573,16,3e-04,0.0941651515151515,66,0.0512348071772369,7,"WGS84"
-77.06132165,42.64860047,17,3e-04,0.04489375,16,0.0512348071772369,7,"WGS84"
-77.05703293,42.65515402,17,3e-04,0.04489375,16,0.0512348071772369,7,"WGS84"
-77.0580973,42.66428211,17,3e-04,0.04489375,16,0.0512348071772369,7,"WGS84"
-77.06539874,42.67838195,17,3e-04,0.04489375,16,0.0512348071772369,7,"WGS84"
-77.06574712,42.69872418,17,3e-04,0.04489375,16,0.0512348071772369,7,"WGS84"
-76.76425945,42.65057994,17,3e-04,0.04489375,16,0.0512348071772369,7,"WGS84"
-76.92130585,42.60975019,17,3e-04,0.04489375,16,0.0512348071772369,7,"WGS84"
-77.07327604,42.63616236,17,3e-04,0.04489375,16,0.0512348071772369,7,"WGS84"
-77.08301132,42.63472389,17,3e-04,0.04489375,16,0.0512348071772369,7,"WGS84"
-76.91354172,42.65675531,17,3e-04,0.04489375,16,0.0512348071772369,7,"WGS84"
-77.04723028,42.65654137,17,3e-04,0.04489375,16,0.0512348071772369,7,"WGS84"
-77.07384073,42.63590211,17,3e-04,0.04489375,16,0.0512348071772369,7,"WGS84"
-77.06755011,42.62563939,17,3e-04,0.04489375,16,0.0512348071772369,7,"WGS84"
-77.06733327,42.62533621,17,3e-04,0.04489375,16,0.0512348071772369,7,"WGS84"
-77.06730259,42.62571564,17,3e-04,0.04489375,16,0.0512348071772369,7,"WGS84"
-77.059215,42.66635873,17,3e-04,0.04489375,16,0.0512348071772369,7,"WGS84"
-77.1050446,43.2060532,18,3e-04,0.3913,4,0.0512348071772369,7,"WGS84"
-77.1051532,43.2061338,18,3e-04,0.3913,4,0.0512348071772369,7,"WGS84"
-77.1051541,43.2061337,18,3e-04,0.3913,4,0.0512348071772369,7,"WGS84"
-77.11005273,43.23357996,18,3e-04,0.3913,4,0.0512348071772369,7,"WGS84"
-76.68557726,42.29865209,20,3e-04,0,1,0.0512348071772369,7,"WGS84"
-76.4969,42.4406,21,3e-04,0.116453947368421,76,0.0512348071772369,7,"WGS84"
-76.47808313,42.40335966,21,3e-04,0.116453947368421,76,0.0512348071772369,7,"WGS84"
-76.33679777,42.48152065,21,3e-04,0.116453947368421,76,0.0512348071772369,7,"WGS84"
-76.33679777,42.48152065,21,3e-04,0.116453947368421,76,0.0512348071772369,7,"WGS84"
-76.1921599,42.59302352,21,3e-04,0.116453947368421,76,0.0512348071772369,7,"WGS84"
-76.1920677,42.59306526,21,3e-04,0.116453947368421,76,0.0512348071772369,7,"WGS84"
-76.19202445,42.59306157,21,3e-04,0.116453947368421,76,0.0512348071772369,7,"WGS84"
-76.19256674,42.59289077,21,3e-04,0.116453947368421,76,0.0512348071772369,7,"WGS84"
-76.19210643,42.59310583,21,3e-04,0.116453947368421,76,0.0512348071772369,7,"WGS84"
-76.19260727,42.59288569,21,3e-04,0.116453947368421,76,0.0512348071772369,7,"WGS84"
-76.33674662,42.48154006,21,3e-04,0.116453947368421,76,0.0512348071772369,7,"WGS84"
-76.1925965,42.59289789,21,3e-04,0.116453947368421,76,0.0512348071772369,7,"WGS84"
-76.19228312,42.59294997,21,3e-04,0.116453947368421,76,0.0512348071772369,7,"WGS84"
-76.33674551,42.48153321,21,3e-04,0.116453947368421,76,0.0512348071772369,7,"WGS84"
-76.19257828,42.59283528,21,3e-04,0.116453947368421,76,0.0512348071772369,7,"WGS84"
-76.18691479,42.6098794,21,3e-04,0.116453947368421,76,0.0512348071772369,7,"WGS84"
-76.50361111,42.46111111,21,3e-04,0.116453947368421,76,0.0512348071772369,7,"WGS84"
-76.5239658,42.4493431,21,3e-04,0.116453947368421,76,0.0512348071772369,7,"WGS84"
-76.49722984,42.44550591,21,3e-04,0.116453947368421,76,0.0512348071772369,7,"WGS84"
-76.5239734,42.4493548,21,3e-04,0.116453947368421,76,0.0512348071772369,7,"WGS84"
-76.5239721,42.4493595,21,3e-04,0.116453947368421,76,0.0512348071772369,7,"WGS84"
-76.18431528,42.59629284,21,3e-04,0.116453947368421,76,0.0512348071772369,7,"WGS84"
-76.70050176,42.4782463,21,3e-04,0.116453947368421,76,0.0512348071772369,7,"WGS84"
-76.70043106,42.47830766,21,3e-04,0.116453947368421,76,0.0512348071772369,7,"WGS84"
-76.49712915,42.44016024,21,3e-04,0.116453947368421,76,0.0512348071772369,7,"WGS84"
-76.495636,42.4399461,21,3e-04,0.116453947368421,76,0.0512348071772369,7,"WGS84"
-76.495636,42.4399461,21,3e-04,0.116453947368421,76,0.0512348071772369,7,"WGS84"
-76.67515686,42.50472223,21,3e-04,0.116453947368421,76,0.0512348071772369,7,"WGS84"
-76.4893406,42.44834376,21,3e-04,0.116453947368421,76,0.0512348071772369,7,"WGS84"
-76.0715713,42.4947936,21,3e-04,0.116453947368421,76,0.0512348071772369,7,"WGS84"
-76.49333806,42.4398644,21,3e-04,0.116453947368421,76,0.0512348071772369,7,"WGS84"
-76.51453114,42.45260874,21,3e-04,0.116453947368421,76,0.0512348071772369,7,"WGS84"
-76.63138254,42.43567006,21,3e-04,0.116453947368421,76,0.0512348071772369,7,"WGS84"
-76.4377263,42.48744342,21,3e-04,0.116453947368421,76,0.0512348071772369,7,"WGS84"
-76.13010123,42.58768666,21,3e-04,0.116453947368421,76,0.0512348071772369,7,"WGS84"
-76.4943334,42.460873,21,3e-04,0.116453947368421,76,0.0512348071772369,7,"WGS84"
-76.19190697,42.62780495,21,3e-04,0.116453947368421,76,0.0512348071772369,7,"WGS84"
-76.19497285,42.60725563,21,3e-04,0.116453947368421,76,0.0512348071772369,7,"WGS84"
-76.16723079,42.60152772,21,3e-04,0.116453947368421,76,0.0512348071772369,7,"WGS84"
-76.48328662,42.44591306,21,3e-04,0.116453947368421,76,0.0512348071772369,7,"WGS84"
-76.48587316,42.44397191,21,3e-04,0.116453947368421,76,0.0512348071772369,7,"WGS84"
-76.51453114,42.45260874,21,3e-04,0.116453947368421,76,0.0512348071772369,7,"WGS84"
-76.4781053,42.40332402,21,3e-04,0.116453947368421,76,0.0512348071772369,7,"WGS84"
-76.47792195,42.40320451,21,3e-04,0.116453947368421,76,0.0512348071772369,7,"WGS84"
-76.64212238,42.53425518,21,3e-04,0.116453947368421,76,0.0512348071772369,7,"WGS84"
-76.51453114,42.45260874,21,3e-04,0.116453947368421,76,0.0512348071772369,7,"WGS84"
-76.16364668,42.60613646,21,3e-04,0.116453947368421,76,0.0512348071772369,7,"WGS84"
-76.201517,42.588864,21,3e-04,0.116453947368421,76,0.0512348071772369,7,"WGS84"
-76.48590077,42.44288209,21,3e-04,0.116453947368421,76,0.0512348071772369,7,"WGS84"
-76.19671386,42.58428994,21,3e-04,0.116453947368421,76,0.0512348071772369,7,"WGS84"
-76.51797892,42.42259272,21,3e-04,0.116453947368421,76,0.0512348071772369,7,"WGS84"
-76.48736182,42.45411933,21,3e-04,0.116453947368421,76,0.0512348071772369,7,"WGS84"
-76.16482845,42.60724161,21,3e-04,0.116453947368421,76,0.0512348071772369,7,"WGS84"
-76.1648499,42.60723474,21,3e-04,0.116453947368421,76,0.0512348071772369,7,"WGS84"
-76.49463664,42.43209089,21,3e-04,0.116453947368421,76,0.0512348071772369,7,"WGS84"
-76.48615658,42.4506591,21,3e-04,0.116453947368421,76,0.0512348071772369,7,"WGS84"
-76.50870093,42.44270746,21,3e-04,0.116453947368421,76,0.0512348071772369,7,"WGS84"
-76.13518166,42.6185816,21,3e-04,0.116453947368421,76,0.0512348071772369,7,"WGS84"
-76.0553146,42.4719195,21,3e-04,0.116453947368421,76,0.0512348071772369,7,"WGS84"
-76.49790726,42.4178093,21,3e-04,0.116453947368421,76,0.0512348071772369,7,"WGS84"
-76.48000422,42.44908196,21,3e-04,0.116453947368421,76,0.0512348071772369,7,"WGS84"
-76.13519197,42.61858109,21,3e-04,0.116453947368421,76,0.0512348071772369,7,"WGS84"
-76.63175307,42.43576988,21,3e-04,0.116453947368421,76,0.0512348071772369,7,"WGS84"
-76.48565769,42.45192966,21,3e-04,0.116453947368421,76,0.0512348071772369,7,"WGS84"
-76.64205613,42.45078392,21,3e-04,0.116453947368421,76,0.0512348071772369,7,"WGS84"
-76.20251633,42.58909437,21,3e-04,0.116453947368421,76,0.0512348071772369,7,"WGS84"
-76.64198326,42.45070934,21,3e-04,0.116453947368421,76,0.0512348071772369,7,"WGS84"
-76.48890748,42.47151319,21,3e-04,0.116453947368421,76,0.0512348071772369,7,"WGS84"
-76.16655336,42.60649315,21,3e-04,0.116453947368421,76,0.0512348071772369,7,"WGS84"
-76.5200606,42.41980566,21,3e-04,0.116453947368421,76,0.0512348071772369,7,"WGS84"
-76.13526058,42.61857987,21,3e-04,0.116453947368421,76,0.0512348071772369,7,"WGS84"
-76.47888243,42.44617773,21,3e-04,0.116453947368421,76,0.0512348071772369,7,"WGS84"
-76.49641967,42.41995906,21,3e-04,0.116453947368421,76,0.0512348071772369,7,"WGS84"
-76.4808,42.446,21,3e-04,0.116453947368421,76,0.0512348071772369,7,"WGS84"
-76.2093299,42.58005499,21,3e-04,0.116453947368421,76,0.0512348071772369,7,"WGS84"
-76.48559332,42.44655433,21,3e-04,0.116453947368421,76,0.0512348071772369,7,"WGS84"
-76.53090493,43.45262929,22,3e-04,0.07624,25,0.0512348071772369,7,"WGS84"
-76.51877384,43.45437383,22,3e-04,0.07624,25,0.0512348071772369,7,"WGS84"
-76.50001447,43.46747478,22,3e-04,0.07624,25,0.0512348071772369,7,"WGS84"
-76.50022261,43.46722229,22,3e-04,0.07624,25,0.0512348071772369,7,"WGS84"
-76.50033784,43.46737072,22,3e-04,0.07624,25,0.0512348071772369,7,"WGS84"
-76.50009949,43.46731587,22,3e-04,0.07624,25,0.0512348071772369,7,"WGS84"
-76.50029977,43.43490499,22,3e-04,0.07624,25,0.0512348071772369,7,"WGS84"
-76.50042102,43.46712145,22,3e-04,0.07624,25,0.0512348071772369,7,"WGS84"
-76.50265493,43.46079344,22,3e-04,0.07624,25,0.0512348071772369,7,"WGS84"
-76.548008,43.4513605,22,3e-04,0.07624,25,0.0512348071772369,7,"WGS84"
-76.52500779,43.45900556,22,3e-04,0.07624,25,0.0512348071772369,7,"WGS84"
-76.51771772,43.4587258,22,3e-04,0.07624,25,0.0512348071772369,7,"WGS84"
-76.50053793,43.4363439,22,3e-04,0.07624,25,0.0512348071772369,7,"WGS84"
-76.5476982,43.4511388,22,3e-04,0.07624,25,0.0512348071772369,7,"WGS84"
-76.50078585,43.4364143,22,3e-04,0.07624,25,0.0512348071772369,7,"WGS84"
-76.50078024,43.43639699,22,3e-04,0.07624,25,0.0512348071772369,7,"WGS84"
-76.50071151,43.43639905,22,3e-04,0.07624,25,0.0512348071772369,7,"WGS84"
-76.5177937,43.45877348,22,3e-04,0.07624,25,0.0512348071772369,7,"WGS84"
-76.50074537,43.4360878,22,3e-04,0.07624,25,0.0512348071772369,7,"WGS84"
-76.50013479,43.467221,22,3e-04,0.07624,25,0.0512348071772369,7,"WGS84"
-76.50252577,43.46073703,22,3e-04,0.07624,25,0.0512348071772369,7,"WGS84"
-76.52447391,43.45743625,22,3e-04,0.07624,25,0.0512348071772369,7,"WGS84"
-76.51872718,43.45286698,22,3e-04,0.07624,25,0.0512348071772369,7,"WGS84"
-76.5478053,43.4511388,22,3e-04,0.07624,25,0.0512348071772369,7,"WGS84"
-76.50999363,43.45387326,22,3e-04,0.07624,25,0.0512348071772369,7,"WGS84"
-76.23445211,43.4607067,23,3e-04,0.7003,1,0.0512348071772369,7,"WGS84"
-76.18458793,42.09264752,24,3e-04,0.4019,1,0.0512348071772369,7,"WGS84"
